<?xml version="1.0" encoding="UTF-8"?><rss version="2.0"
	xmlns:content="http://purl.org/rss/1.0/modules/content/"
	xmlns:dc="http://purl.org/dc/elements/1.1/"
	xmlns:atom="http://www.w3.org/2005/Atom"
	xmlns:sy="http://purl.org/rss/1.0/modules/syndication/"
	
	>
<channel>
	<title>
	Commenti a: Apple MacBook Pro 14&#8221; M2 Pro core: 10 CPU 16 GPU 512GB SSD &#8211; Grigio Siderale	</title>
	<atom:link href="http://localhost/esercizio4/product/macbookpro/feed/?simply_static_page=188" rel="self" type="application/rss+xml" />
	<link>/product/macbookpro/</link>
	<description></description>
	<lastBuildDate>Mon, 20 Mar 2023 14:56:04 +0000</lastBuildDate>
	<sy:updatePeriod>
	hourly	</sy:updatePeriod>
	<sy:updateFrequency>
	1	</sy:updateFrequency>
	<generator>https://wordpress.org/?v=6.1.1</generator>
</channel>
</rss>
