<?xml version="1.0" encoding="UTF-8"?><rss version="2.0"
	xmlns:content="http://purl.org/rss/1.0/modules/content/"
	xmlns:dc="http://purl.org/dc/elements/1.1/"
	xmlns:atom="http://www.w3.org/2005/Atom"
	xmlns:sy="http://purl.org/rss/1.0/modules/syndication/"
	
	>
<channel>
	<title>
	Commenti a: Apple iPad Air 10.9&#8221; Wi-Fi 64GB &#8211; Grigio siderale	</title>
	<atom:link href="http://localhost/esercizio4/product/ipad/feed/?simply_static_page=175" rel="self" type="application/rss+xml" />
	<link>/product/ipad/</link>
	<description></description>
	<lastBuildDate>Mon, 20 Mar 2023 14:05:13 +0000</lastBuildDate>
	<sy:updatePeriod>
	hourly	</sy:updatePeriod>
	<sy:updateFrequency>
	1	</sy:updateFrequency>
	<generator>https://wordpress.org/?v=6.1.1</generator>
</channel>
</rss>
