<?xml version="1.0" encoding="UTF-8"?><rss version="2.0"
	xmlns:content="http://purl.org/rss/1.0/modules/content/"
	xmlns:wfw="http://wellformedweb.org/CommentAPI/"
	xmlns:dc="http://purl.org/dc/elements/1.1/"
	xmlns:atom="http://www.w3.org/2005/Atom"
	xmlns:sy="http://purl.org/rss/1.0/modules/syndication/"
	xmlns:slash="http://purl.org/rss/1.0/modules/slash/"
	>

<channel>
	<title>Uncategorized &#8211; EuroTech</title>
	<atom:link href="http://localhost/esercizio4/product-category/uncategorized/feed/?simply_static_page=201" rel="self" type="application/rss+xml" />
	<link></link>
	<description></description>
	<lastBuildDate>Mon, 20 Mar 2023 14:56:04 +0000</lastBuildDate>
	<language>it-IT</language>
	<sy:updatePeriod>
	hourly	</sy:updatePeriod>
	<sy:updateFrequency>
	1	</sy:updateFrequency>
	<generator>https://wordpress.org/?v=6.1.1</generator>

<image>
	<url>/wp-content/uploads/2017/07/cropped-belinni-favicon-80x80.png</url>
	<title>Uncategorized &#8211; EuroTech</title>
	<link></link>
	<width>32</width>
	<height>32</height>
</image> 
	<item>
		<title>Apple iPad Air 10.9&#8221; Wi-Fi 64GB &#8211; Grigio siderale</title>
		<link>/product/ipad/</link>
					<comments>/product/ipad/#respond</comments>
		
		<dc:creator><![CDATA[Stefano]]></dc:creator>
		<pubDate>Wed, 24 May 2017 11:30:41 +0000</pubDate>
				<guid isPermaLink="false">http://belinni.pixel-show.com/?post_type=product&#038;p=401</guid>

					<description><![CDATA[<p class="copy tBA7F9C channel-custom-font-custom-80-headline-super">Leggero. Colorato.
Con un chip esagerato.</p>
<p class="copy tBA7F9C channel-custom-font-custom-80-headline-super">I superpoteri del chip Apple M1. Fotocamera frontale da 12MP con ultra‑grandangolo e Inquadratura automatica. 5G ultrarapido. In cinque magnifici colori.</p>]]></description>
										<content:encoded><![CDATA[<p><b>Design all‑screen. Spazio alla bellezza.</b><br />
Display Liquid Retina da 10,9&#8243;<br />
Con il nuovo iPad Air ti immergi in tutto quello che leggi, guardi o crei. Lo splendido display Liquid Retina da 10,9&#8243; ha un’ampia gamma cromatica P3, tecnologie evolute come True Tone, e il rivestimento antiriflesso.</p>
<p>Il Touch ID è integrato nel tasto superiore: basta un tocco per sbloccare il dispositivo, accedere alle app e pagare i tuoi acquisti in totale sicurezza con Apple Pay. Scegli il tuo preferito tra i cinque magnifici colori di iPad Air, e inizia l’avventura.</p>
]]></content:encoded>
					
					<wfw:commentRss>/product/ipad/feed/</wfw:commentRss>
			<slash:comments>0</slash:comments>
		
		
			</item>
		<item>
		<title>Apple MacBook Pro 14&#8221; M2 Pro core: 10 CPU 16 GPU 512GB SSD &#8211; Grigio Siderale</title>
		<link>/product/macbookpro/</link>
					<comments>/product/macbookpro/#respond</comments>
		
		<dc:creator><![CDATA[Stefano]]></dc:creator>
		<pubDate>Wed, 24 May 2017 11:27:14 +0000</pubDate>
				<guid isPermaLink="false">http://belinni.pixel-show.com/?post_type=product&#038;p=400</guid>

					<description><![CDATA[<div id="description" class="pdp-left__description content-reduced">
<div class="info-description-content">
<div class="pdp-left__info-container">
<p class="copy cC7E9BF channel-custom-font-custom-80-headline-super">Il professionista dell’impossibile.</p>
<p class="copy cC7E9BF channel-custom-font-custom-80-headline-super">Grazie alla superpotenza di M2 Pro e M2 Max, MacBook Pro raggiunge vette di performance ed efficienza mai sfiorate prima. Con una batteria che dura tutto il giorno, uno spettacolare display Liquid Retina XDR e tutte le porte che ti servono, è un portatile pro senza rivali.</p>

</div>
</div>
</div>
<div id="specifications" class="pdp-left__specifications content-reduced specifications"></div>]]></description>
										<content:encoded><![CDATA[<div class="w-full border-b border-black/10 dark:border-gray-900/50 text-gray-800 dark:text-gray-100 group bg-gray-50 dark:bg-[#444654]">
<div class="text-base gap-4 md:gap-6 m-auto md:max-w-2xl lg:max-w-2xl xl:max-w-3xl p-4 md:py-6 flex lg:px-0">
<div class="relative flex w-[calc(100%-50px)] flex-col gap-1 md:gap-3 lg:w-[calc(100%-115px)]">
<div class="flex flex-grow flex-col gap-3">
<div class="min-h-[20px] flex flex-col items-start gap-4 whitespace-pre-wrap">
<div class="markdown prose w-full break-words dark:prose-invert light">
<p><b>MacBook Pro. Con i superpoteri di M2 Pro e M2 Max.</b><br />
MacBook Pro 14&#8243; con M2 Pro o M2 Max offre potenza e velocità di livello superiore, anche quando non è collegato alla corrente. Con uno spettacolare display Liquid Retina XDR, tutte le porte che ti servono e un giorno intero di batteria, è il portatile Pro che sta al passo con te, in tutto quello che fai.</p>
<p>&nbsp;</p>
</div>
</div>
</div>
<div class="flex justify-between">
<div class="text-gray-400 flex self-end lg:self-center justify-center mt-2 gap-3 md:gap-4 lg:gap-1 lg:absolute lg:top-0 lg:translate-x-full lg:right-0 lg:mt-0 lg:pl-2 visible"></div>
</div>
</div>
</div>
</div>
]]></content:encoded>
					
					<wfw:commentRss>/product/macbookpro/feed/</wfw:commentRss>
			<slash:comments>0</slash:comments>
		
		
			</item>
		<item>
		<title>Apple iPhone 13 128GB Mezzanotte</title>
		<link>/product/iphone/</link>
					<comments>/product/iphone/#respond</comments>
		
		<dc:creator><![CDATA[Stefano]]></dc:creator>
		<pubDate>Wed, 24 May 2017 11:24:47 +0000</pubDate>
				<guid isPermaLink="false">http://belinni.pixel-show.com/?post_type=product&#038;p=399</guid>

					<description><![CDATA[<p class="copy j903B7B channel-custom-font-80-headline-super-CUSTOM">Il tuo nuovo superpotere.</p>
<p class="copy j903B7B channel-custom-font-80-headline-super-CUSTOM">Un display superluminoso in un design robusto. Funzioni per filmare come a Hollywood, ma facilissime da usare. Un chip velocissimo. E una maggiore durata della batteria, che sfrutterai ogni giorno.</p>]]></description>
										<content:encoded><![CDATA[<p><b>iPhone 13</b><br />
<b>Il tuo nuovo superpotere.</b></p>
<p>Il nostro sistema a doppia fotocamera più evoluto di sempre. Migliora del 47% la qualità delle immagini riprese in notturna.</p>
<p>La modalità Cinema riduce automaticamente la profondità di campo. E puoi cambiare la messa a fuoco anche dopo aver filmato.</p>
<p>Fino a 19 ore di riproduzione video. Autonomia senza precedenti.</p>
<p>Ancora più potente grazie al nuovo chip A15 Bionic e al 5G ultrarapido.</p>
<p>Il Ceramic Shield è più duro di qualsiasi vetro per smartphone. E puoi contare sulla resistenza agli schizzi, alle gocce e alla polvere.</p>
<p>Colori incredibili sul display Super Retina XDR, ora il 28% più luminoso.</p>
<p>&nbsp;</p>
]]></content:encoded>
					
					<wfw:commentRss>/product/iphone/feed/</wfw:commentRss>
			<slash:comments>0</slash:comments>
		
		
			</item>
	</channel>
</rss>
